index,Model,mean,std,CI 2.5%,CI 97.5%
Accuracy,LR,90.568,6.931375765315283,83.209,99.434
BACC,LR,80.176,14.717973026201673,63.815,98.775
MCC,LR,63.498000000000005,27.767822564976175,32.451,97.919
Precision,LR,89.804,7.741616756207969,81.189,99.419
Recall,LR,90.568,6.931375765315283,83.209,99.434
F1-Score,LR,90.054,7.462538442112043,81.853,99.42
AUC,LR,89.648,6.8287641634486125,82.1,99.167
